<?xml version="1.0" encoding="utf-8"?>
<demos><!--This is an autogenerated file, please do not modify-->
   <name>geom3d</name>
   <type>toolbox</type>
   <icon>HelpIcon.DEMOS</icon>
   <website/>
   <description>The aim of geom3d library is to handle and visualize 3D geometric primitives such as points, lines, planes, polyhedra... It provides low-level functions for manipulating 3D geometric primitives, making easier the development of more complex geometric algorithms.</description>
   <demosection>
      <label>geom3d-demos</label>
      <demoitem>
         <label>demoDrawTubularMesh</label>
         <type>other</type>
         <source>demoDrawTubularMesh</source>
         <file>geom3d-demos/html/demoDrawTubularMesh.html</file>
      </demoitem>
      <demoitem>
         <label>demoGeom3d</label>
         <type>other</type>
         <source>demoGeom3d</source>
         <file>geom3d-demos/html/demoGeom3d.html</file>
      </demoitem>
      <demoitem>
         <label>demoInertiaEllipsoid</label>
         <type>other</type>
         <source>demoInertiaEllipsoid</source>
         <file>geom3d-demos/html/demoInertiaEllipsoid.html</file>
      </demoitem>
      <demoitem>
         <label>demoRevolutionSurface</label>
         <type>other</type>
         <source>demoRevolutionSurface</source>
         <file>geom3d-demos/html/demoRevolutionSurface.html</file>
      </demoitem>
      <demoitem>
         <label>drawSoccerBall</label>
         <type>other</type>
         <source>drawSoccerBall</source>
         <file>geom3d-demos/html/drawSoccerBall.html</file>
      </demoitem>
   </demosection>
   <demosection>
      <label>meshes3d-demos</label>
      <demoitem>
         <label>createTrefoilKnot</label>
         <type>other</type>
         <source>createTrefoilKnot</source>
         <file>meshes3d-demos/html/createTrefoilKnot.html</file>
      </demoitem>
      <demoitem>
         <label>demoCutMeshByPlane</label>
         <type>other</type>
         <source>demoCutMeshByPlane</source>
         <file>meshes3d-demos/html/demoCutMeshByPlane.html</file>
      </demoitem>
      <demoitem>
         <label>demoPolyhedra</label>
         <type>other</type>
         <source>demoPolyhedra</source>
         <file>meshes3d-demos/html/demoPolyhedra.html</file>
      </demoitem>
      <demoitem>
         <label>demoRemoveMeshFaces</label>
         <type>other</type>
         <source>demoRemoveMeshFaces</source>
         <file>meshes3d-demos/html/demoRemoveMeshFaces.html</file>
      </demoitem>
      <demoitem>
         <label>demoTriangulateFaces</label>
         <type>other</type>
         <source>demoTriangulateFaces</source>
         <file>meshes3d-demos/html/demoTriangulateFaces.html</file>
      </demoitem>
      <demoitem>
         <label>demoVoronoiCell</label>
         <type>other</type>
         <source>demoVoronoiCell</source>
         <file>meshes3d-demos/html/demoVoronoiCell.html</file>
      </demoitem>
   </demosection>
</demos>